image_index,latent_distance,original_entropy_latent,counterfactual_entropy_latent,latent_entropy_reduction,original_entropy_recon,counterfactual_entropy_recon,recon_entropy_reduction,original_log_likelihood,reconstruction_log_likelihood,counterfactual_log_likelihood,log_likelihood_difference,recon_counterfactual_log_likelihood_difference,likelihood_ratio,recon_counterfactual_likelihood_ratio,original_realism_score,reconstruction_realism_score,counterfactual_realism_score,realism_score_difference,recon_counterfactual_realism_difference,original_class_latent,original_class_recon,counterfactual_class_latent,counterfactual_class_recon,original_prob_class_0,original_prob_class_1,original_prob_class_2,original_prob_class_3,original_prob_class_4,original_prob_class_5,original_prob_class_6,original_prob_class_7,original_prob_class_8,original_prob_class_9,counterfactual_prob_class_0,counterfactual_prob_class_1,counterfactual_prob_class_2,counterfactual_prob_class_3,counterfactual_prob_class_4,counterfactual_prob_class_5,counterfactual_prob_class_6,counterfactual_prob_class_7,counterfactual_prob_class_8,counterfactual_prob_class_9
0,3.048793077468872,0.09813125431537628,0.004964246414601803,0.0931670069694519,0.9212286472320557,1.0352318286895752,-0.11400318145751953,-183.25865173339844,-137.12539672851562,-154.3819580078125,-28.876693725585938,17.256561279296875,2.87747301413377e-13,31219744.192026746,0.9108181595802307,0.9619176983833313,0.9476162791252136,-0.03679811954498291,0.014301419258117676,0,1,0,1,0.98344165,0.0001491444,0.0002384785,8.508777e-07,1.3996042e-07,7.730334e-05,6.9503103e-06,0.008133905,0.007951562,6.1690947e-10,0.99947876,1.18674325e-05,1.4765005e-05,5.2963905e-08,1.0771298e-08,6.648404e-06,9.4078126e-07,0.00022904074,0.0002579232,6.180418e-11
1,0.07308384031057358,0.004968609660863876,0.004654566291719675,0.0003140433691442013,0.9963420629501343,0.9949707388877869,0.0013713240623474121,-103.20217895507812,-102.18524169921875,-101.874755859375,-1.327423095703125,-0.31048583984375,0.2651596727677894,0.7330907050172011,0.980005145072937,0.9816853404045105,0.9811434745788574,-0.0011383295059204102,0.0005418658256530762,0,6,0,6,0.999483,1.3061169e-05,3.8430295e-09,1.0072175e-09,6.7685625e-07,8.4940286e-05,0.0003073801,1.6031969e-08,0.00011016846,6.09608e-07,0.9995198,1.2369044e-05,3.6488992e-09,9.529876e-10,6.42456e-07,7.930141e-05,0.0002845765,1.5256006e-08,0.00010287587,5.8471073e-07
2,0.029522066935896873,0.00041520496597513556,0.00041468587005510926,5.190959200263023e-07,1.4841364622116089,1.4835469722747803,0.0005894899368286133,-108.62112426757812,-126.71977996826172,-121.836669921875,13.215545654296875,-4.883110046386719,548830.897707746,0.007573423664128146,0.9782705307006836,0.9725632667541504,0.97036212682724,0.007908403873443604,0.0022011399269104004,3,1,3,1,6.4728354e-14,5.760611e-09,3.0895806e-06,0.9999666,2.703215e-10,1.5622294e-05,2.3406771e-11,4.06157e-07,1.1652713e-06,1.3143364e-05,6.457902e-14,5.760358e-09,3.088417e-06,0.9999666,2.6871708e-10,1.5600528e-05,2.3266559e-11,4.053595e-07,1.1637687e-06,1.3118332e-05
3,6.2252631187438965,0.8606786727905273,0.0054154545068740845,0.8552632331848145,0.758515477180481,0.8547729253768921,-0.09625744819641113,-106.979248046875,-140.42288208007812,-136.4353790283203,29.456130981445312,-3.9875030517578125,6203476529821.6,0.018545964667052956,0.9795362949371338,0.9579055905342102,0.9622715711593628,0.017264723777770996,-0.004365980625152588,9,7,9,7,5.0676234e-05,4.021632e-07,0.07146265,1.28379215e-05,0.0002180384,2.6700397e-07,9.886484e-11,0.0016836415,0.3066122,0.61995924,1.2210102e-06,6.85501e-09,0.00016914518,1.7945932e-07,9.456347e-06,6.0074403e-09,8.035685e-13,2.1181826e-05,0.00038201082,0.9994168
4,5.0477495193481445,0.5687459707260132,0.004878349602222443,0.5638676285743713,0.13704121112823486,0.5967134833335876,-0.4596722722053528,-88.27034759521484,-116.97932434082031,-119.07797241210938,30.80762481689453,2.0986480712890625,23965222117142.246,8.155137292342845,0.9857203364372253,0.9741776585578918,0.9732789993286133,0.01244133710861206,0.0008986592292785645,1,1,1,1,8.0867416e-08,0.82774216,1.2615103e-05,0.11701205,1.4527325e-06,0.055097003,4.0671905e-05,6.981238e-05,2.265685e-05,1.4320428e-06,2.6320588e-09,0.99947506,3.8991604e-07,0.00029169535,5.0734577e-08,0.00022881832,1.1282887e-06,2.5499544e-06,3.854866e-07,2.7239732e-08
5,7.239696502685547,1.3038835525512695,0.005793472286313772,1.2980901002883911,0.393205463886261,0.06370634585618973,0.32949912548065186,-89.95308685302734,-100.2353515625,-122.78697204589844,32.833885192871094,22.551620483398438,181792163716100.53,6223638144.519942,0.9853264093399048,0.9820173382759094,0.9700201153755188,0.015306293964385986,0.011997222900390625,1,1,1,1,2.840202e-07,0.49990448,0.11318414,0.027040582,0.07285338,0.0005551808,1.8168645e-05,0.27297238,0.0018650774,0.011606391,2.2082172e-09,0.999416,0.00013475468,5.4009495e-05,9.983375e-05,4.3087084e-06,2.604865e-07,0.0002521564,7.2423263e-06,3.1459567e-05
6,0.03866291791200638,0.003178698942065239,0.0030997521243989468,7.894681766629219e-05,0.9028573632240295,0.902653157711029,0.00020420551300048828,-104.68547058105469,-113.32843780517578,-111.56910705566406,6.883636474609375,-1.7593307495117188,976.1697296361342,0.17216004346988878,0.9805082678794861,0.9766298532485962,0.9756213426589966,0.004886925220489502,0.0010085105895996094,9,3,9,3,2.9143306e-11,1.935309e-07,1.3415821e-06,0.0003298887,8.124339e-08,1.4545199e-05,1.4286601e-13,7.704843e-09,2.0858116e-07,0.9996537,2.8839788e-11,1.9135652e-07,1.3199569e-06,0.00032044674,8.063993e-08,1.4305723e-05,1.4030788e-13,7.5775555e-09,2.0561161e-07,0.9996635
7,4.1417741775512695,0.27314427495002747,0.005070866551250219,0.2680734097957611,1.6302309036254883,0.9779469966888428,0.6522839069366455,-96.01736450195312,-105.25732421875,-103.63240814208984,7.615043640136719,-1.6249160766601562,2028.4832801378116,0.19692820138308778,0.9820693135261536,0.9804681539535522,0.9808194041252136,0.0012499094009399414,-0.00035125017166137695,8,7,8,7,0.00041921795,0.00018981259,0.0022002968,0.00041637072,1.9235449e-08,4.681263e-05,3.8281323e-07,0.0678481,0.9288786,3.642202e-07,2.4737725e-05,7.3608894e-06,8.221182e-05,2.1937803e-05,1.0012114e-09,4.0367368e-06,4.1703167e-08,0.00039895016,0.99946076,2.3777163e-08
8,3.0184996128082275,0.0784020870923996,0.005633109714835882,0.07276897877454758,0.46571892499923706,0.4511304497718811,0.014588475227355957,-147.19532775878906,-197.006103515625,-200.9493408203125,53.75401306152344,3.9432373046875,2.2134578320542334e+23,51.585328707639555,0.9549548625946045,0.8889023661613464,0.8754197359085083,0.07953512668609619,0.013482630252838135,4,2,4,2,0.00096437597,2.7493359e-09,0.000692799,1.0983042e-11,0.986566,3.2046987e-10,0.00019482806,8.814529e-07,1.2070412e-06,0.011579909,6.3418076e-05,2.8540564e-10,7.302648e-05,6.9219364e-13,0.9993901,3.0131894e-11,2.1589058e-05,1.1615497e-07,1.2349052e-07,0.0004516855
9,1.2425113916397095,0.017173193395137787,0.005328249651938677,0.011844944208860397,0.2554074823856354,0.36484426259994507,-0.10943678021430969,-122.52005004882812,-167.4624786376953,-170.57481384277344,48.05476379394531,3.112335205078125,7.411715574710562e+20,22.473463318128037,0.968445360660553,0.9324052929878235,0.9300597906112671,0.03838557004928589,0.0023455023765563965,8,2,8,2,0.0015647528,2.0931343e-12,1.2267194e-05,0.00045880463,1.6151752e-10,9.909334e-06,2.1448683e-07,5.5070276e-10,0.9978301,0.00012386248,0.00035340196,8.3505945e-13,5.479175e-06,0.0001578895,6.973704e-11,4.142269e-06,8.8939e-08,2.2480158e-10,0.9994338,4.5194356e-05
10,0.033616699278354645,0.00030385126592591405,0.0003037577262148261,9.353971108794212e-08,0.009432202205061913,0.009479696862399578,-4.749465733766556e-05,-78.89519500732422,-115.124755859375,-115.61089324951172,36.7156982421875,0.48613739013671875,8819117843535164.0,1.626023380440142,0.9878815412521362,0.9766231775283813,0.9759830832481384,0.011898458003997803,0.0006400942802429199,1,1,1,1,1.4545301e-10,0.9999759,8.534103e-06,2.4377039e-06,1.0416365e-08,1.28746005e-05,2.0495807e-07,7.629705e-09,9.988452e-09,5.5379246e-10,1.4565427e-10,0.9999759,8.511588e-06,2.4405117e-06,1.0422842e-08,1.2885618e-05,2.049917e-07,7.617098e-09,9.979064e-09,5.542416e-10
11,2.3053529262542725,0.04949203133583069,0.005006530787795782,0.04448550194501877,1.1165406703948975,0.9843987226486206,0.13214194774627686,-128.81375122070312,-192.56935119628906,-188.37393188476562,59.5601806640625,-4.1954193115234375,7.356272415888134e+25,0.015064424450808031,0.9698392152786255,0.8965458273887634,0.9044379591941833,0.06540125608444214,-0.007892131805419922,2,7,2,2,4.959906e-06,7.924282e-08,0.9921848,0.006725412,1.2825731e-07,2.2958444e-09,1.5914608e-07,0.00085277384,0.00022356647,8.160707e-06,9.2726765e-07,1.4748162e-08,0.99946135,0.00039031386,3.321699e-08,2.6250377e-10,3.34405e-08,0.00010851698,3.752472e-05,1.2764444e-06
12,1.502764105796814,0.02251555025577545,0.004976652096956968,0.017538897693157196,0.07173824310302734,0.09935975074768066,-0.02762150764465332,-118.28290557861328,-135.8409423828125,-134.96392822265625,16.68102264404297,-0.87701416015625,17558042.131782737,0.4160232378118929,0.9770539402961731,0.9640175700187683,0.9633413553237915,0.013712584972381592,0.0006762146949768066,5,1,5,1,2.9193865e-09,0.00012858429,3.185911e-08,0.0029563995,1.9619367e-08,0.9968135,1.8566532e-06,2.592794e-06,9.542951e-05,1.6925088e-06,1.141366e-09,4.3325366e-05,8.626899e-09,0.00047362468,7.956664e-09,0.9994486,8.6293517e-07,8.096505e-07,3.208884e-05,6.092662e-07
13,1.550040602684021,0.02414637804031372,0.004924319218844175,0.019222058355808258,0.16637279093265533,0.17461010813713074,-0.008237317204475403,-126.74959564208984,-100.52662658691406,-99.19757080078125,-27.552024841308594,-1.3290557861328125,1.0822002904554377e-12,0.26472710233062,0.9687460064888,0.9824275374412537,0.9810761213302612,-0.012330114841461182,0.0013514161109924316,4,4,4,4,3.5158543e-12,4.314664e-06,0.0033071288,8.778181e-10,0.9964954,1.7303909e-13,2.4017133e-13,1.5326032e-05,2.7896377e-08,0.00017776364,1.2071801e-12,1.4206666e-06,0.00047081953,2.2737548e-10,0.9994506,6.717249e-14,8.265194e-14,5.173239e-06,8.862192e-09,7.1890645e-05
14,2.049112319946289,0.03780040144920349,0.005138365086168051,0.0326620377600193,0.07113146781921387,0.1141151413321495,-0.04298367351293564,-83.16881561279297,-108.13735961914062,-107.99701690673828,24.828201293945312,-0.14034271240234375,60638830609.18807,0.8690603465974641,0.9874607920646667,0.9788532853126526,0.9788517951965332,0.008608996868133545,1.4901161193847656e-06,9,9,9,9,0.00031745725,0.0008693739,6.310153e-08,1.6464021e-07,8.758791e-06,5.2890224e-05,9.216347e-07,0.004187276,1.0126972e-05,0.994553,6.522351e-05,0.00011302212,1.2219614e-08,3.739298e-08,2.7489966e-06,1.2343375e-05,1.8762651e-07,0.0003427898,2.3630942e-06,0.99946123
15,1.8831008672714233,0.032152898609638214,0.005051278974860907,0.02710161916911602,0.3392389118671417,0.4103524386882782,-0.07111352682113647,-122.00460052490234,-192.68576049804688,-194.30889892578125,72.3042984008789,1.623138427734375,2.519752085876723e+31,5.068973987196406,0.9704697728157043,0.9050489068031311,0.8900743722915649,0.0803954005241394,0.014974534511566162,9,9,9,9,2.58791e-06,8.581609e-11,6.3779497e-09,0.0008301571,2.1803903e-06,0.0037735726,1.2347574e-10,9.462457e-09,5.034483e-05,0.99534106,7.7992183e-07,2.3105134e-11,1.9048827e-09,0.00014438923,9.595043e-07,0.00039017855,2.4098328e-11,2.578481e-09,1.2304196e-05,0.99945134
16,3.685210943222046,0.16420286893844604,0.0052130213007330894,0.15898984670639038,0.02546571008861065,0.014819079078733921,0.010646631009876728,-76.99749755859375,-71.05582427978516,-72.89103698730469,-4.1064605712890625,1.8352127075195312,0.016465951570549312,6.266466928320766,0.9882771372795105,0.9899178147315979,0.9890438318252563,-0.0007666945457458496,0.0008739829063415527,1,1,1,1,0.0011649034,0.9650746,0.000112802714,1.6178263e-05,2.6738266e-05,6.3148417e-07,1.2026895e-07,0.032210484,0.00110794,0.00028570034,6.428478e-05,0.9994429,6.20007e-06,7.757479e-07,1.3958909e-06,4.4782688e-08,1.3816256e-08,0.00041637075,5.2322754e-05,1.5700238e-05
17,2.835216522216797,0.0679553970694542,0.005679750349372625,0.06227564811706543,0.44184210896492004,0.1716770976781845,0.27016502618789673,-125.72761535644531,-132.34878540039062,-137.10848999023438,11.380874633789062,4.75970458984375,87629.6450763619,116.71144306031971,0.9738824963569641,0.9690835475921631,0.9632246494293213,0.010657846927642822,0.005858898162841797,6,5,6,6,0.0004580942,1.6679476e-08,4.8065917e-06,4.1075788e-07,5.6903073e-09,0.009768487,0.9886129,3.7928233e-10,0.0011526039,2.6021748e-06,6.8044115e-05,2.99334e-09,9.4498915e-07,4.2715687e-08,8.7528196e-10,0.00043388654,0.999383,3.9037048e-11,0.000113709284,2.5968842e-07
18,5.635034084320068,0.6567516922950745,0.004910822957754135,0.65184086561203,0.9761398434638977,0.6809872984886169,0.29515254497528076,-113.45703887939453,-129.69534301757812,-129.4187774658203,15.961738586425781,-0.2765655517578125,8552537.550619526,0.7583839041042237,0.9763991236686707,0.9685844779014587,0.9674438834190369,0.008955240249633789,0.001140594482421875,8,7,8,7,3.1231284e-08,9.3804e-11,0.00048855384,4.7136592e-07,0.00015679281,1.00674015e-07,7.3503564e-11,1.1459005e-06,0.64304036,0.35631266,1.2292228e-09,3.8021587e-12,2.674683e-05,2.6582262e-08,2.686346e-06,5.6028613e-09,7.090387e-12,4.6272167e-08,0.9994356,0.00053482334
19,5.14999532699585,0.3829566240310669,0.006059296429157257,0.37689733505249023,2.083787679672241,2.1426587104797363,-0.05887103080749512,-70.73712921142578,-62.776615142822266,-59.75471878051758,-10.982410430908203,-3.0218963623046875,1.6998075419947183e-05,0.048708761264873106,0.9892487525939941,0.9910644292831421,0.9929279685020447,-0.003679215908050537,-0.0018635392189025879,9,1,9,1,0.0008661293,0.0003059005,4.991008e-05,0.006286555,0.010562721,0.01185456,7.8116994e-07,0.052851982,0.0008387127,0.91638273,2.1074815e-05,4.3919767e-06,6.625109e-07,7.862795e-05,0.00017555489,0.000113454895,9.3329895e-09,0.00020092753,1.4111175e-05,0.9993911
20,3.7136518955230713,0.18815167248249054,0.005028723739087582,0.18312294781208038,0.31569063663482666,0.5344940423965454,-0.21880340576171875,-134.79701232910156,-86.0997543334961,-83.87387084960938,-50.92314147949219,-2.2258834838867188,7.662326508470733e-23,0.10797198497504394,0.959771454334259,0.9868344664573669,0.9871843457221985,-0.027412891387939453,-0.00034987926483154297,2,1,2,1,4.9503967e-08,0.034022804,0.9599896,0.0001957697,0.0003072995,4.6681876e-08,4.5370202e-06,0.005172299,0.00030750176,2.7519071e-08,2.6205422e-09,0.00033280422,0.99947304,1.3002538e-05,2.0701373e-05,1.6243037e-09,2.7383703e-07,0.00013883878,2.1371607e-05,1.423683e-09
21,6.227531909942627,0.7942084074020386,0.005370056256651878,0.7888383269309998,0.4584365785121918,0.024854380637407303,0.4335821866989136,-136.40802001953125,-179.87939453125,-184.65670776367188,48.248687744140625,4.777313232421875,8.997852018675759e+20,118.78477384443097,0.9636852145195007,0.9144449830055237,0.9091136455535889,0.054571568965911865,0.0053313374519348145,5,5,5,5,1.864565e-07,5.482506e-10,2.3094092e-10,0.33122483,4.13716e-07,0.62597185,3.2828188e-11,2.9075445e-06,6.6338903e-06,0.04279312,4.4507544e-09,1.3847447e-11,1.6120892e-12,0.00040729292,7.3189454e-09,0.99940693,2.2094113e-12,3.689828e-08,1.2993647e-07,0.00018563587
22,0.037457503378391266,0.004029391333460808,0.003954446408897638,7.494492456316948e-05,3.6418023228179663e-05,3.595808448153548e-05,4.59938746644184e-07,-69.19225311279297,-78.56181335449219,-77.80558013916016,8.613327026367188,-0.7562332153320312,5504.531969440205,0.46943134768814726,0.9903727769851685,0.9888151288032532,0.9882334470748901,0.0021393299102783203,0.0005816817283630371,1,1,1,1,4.0878247e-05,0.9995751,1.7952515e-06,4.3748938e-07,2.8545116e-06,1.4460595e-06,9.356767e-07,3.624079e-05,0.000339895,4.9476836e-07,4.0163148e-05,0.999584,1.7613567e-06,4.303213e-07,2.8051059e-06,1.4229608e-06,9.2184126e-07,3.568326e-05,0.00033236187,4.899239e-07
23,0.5730105638504028,0.008890049532055855,0.005019879434257746,0.003870170097798109,1.291628360748291,1.0053691864013672,0.28625917434692383,-128.0769500732422,-186.50408935546875,-186.58030700683594,58.50335693359375,0.0762176513671875,2.5567313052110965e+25,1.0791974373949187,0.9692041277885437,0.9074981808662415,0.8996420502662659,0.06956207752227783,0.007856130599975586,6,6,6,6,8.1455444e-05,1.3965761e-12,9.612393e-06,8.705478e-09,7.4946604e-10,3.4958287e-09,0.9989072,2.8113297e-13,0.0010016034,1.5270498e-07,5.6383295e-05,1.0004669e-12,6.3695866e-06,5.659074e-09,5.101761e-10,2.5363456e-09,0.9994336,1.7964399e-13,0.00050357555,9.8315866e-08
24,7.206851482391357,1.0878669023513794,0.005548839457333088,1.0823180675506592,0.4799954891204834,0.0026511563919484615,0.4773443341255188,-100.96324157714844,-121.24675750732422,-134.2568359375,33.29359436035156,13.010078430175781,287888497704904.4,446894.76917973184,0.9816688895225525,0.9726462364196777,0.9652919173240662,0.016376972198486328,0.007354319095611572,6,6,6,6,0.0002492802,0.296697,0.2696197,0.0009818415,5.7768637e-05,0.00017875788,0.43217516,3.5097444e-05,4.874045e-06,5.6308556e-07,7.008663e-06,0.00030637922,0.00026510688,7.6199144e-06,5.1643394e-07,9.276562e-06,0.99940395,9.1695796e-08,8.47931e-08,4.038834e-09
25,7.545957565307617,1.2196693420410156,0.005754544399678707,1.2139147520065308,0.11895662546157837,0.05543231964111328,0.06352430582046509,-123.21110534667969,-179.28280639648438,-187.1573944091797,63.9462890625,7.8745880126953125,5.909088276966722e+27,2629.6026042132976,0.9717772006988525,0.9151931405067444,0.9037033915519714,0.0680738091468811,0.01148974895477295,9,5,9,5,0.00012354381,6.48943e-07,7.142991e-07,0.27022284,8.171478e-06,0.045244005,2.5810427e-06,3.2771397e-09,0.28632593,0.3980716,1.8073957e-06,5.4935416e-09,4.893369e-09,0.00023512851,5.1865936e-07,0.000111742644,8.409339e-09,2.534599e-11,0.00025831003,0.9993924
26,4.637558937072754,0.3844519257545471,0.004997579380869865,0.3794543445110321,1.2325536012649536,0.5859405398368835,0.6466130614280701,-127.95030212402344,-125.31101989746094,-136.50994873046875,8.559646606445312,11.198928833007812,5216.837249996007,73052.14885791109,0.968305766582489,0.9687255024909973,0.9666641354560852,0.0016416311264038086,0.0020613670349121094,3,3,3,3,1.140591e-07,5.8849173e-07,3.0696555e-07,0.8769431,4.484249e-10,0.12076583,3.6795487e-07,1.4104204e-07,0.002278826,1.0798527e-05,4.2999044e-09,2.4461e-08,3.175618e-08,0.99943763,1.38174255e-11,0.00048648278,8.400006e-09,1.0809339e-08,7.527635e-05,5.713739e-07
27,4.891307830810547,0.4676011800765991,0.005019870586693287,0.4625813066959381,0.4262631833553314,0.5743263959884644,-0.14806321263313293,-173.19029235839844,-172.6796417236328,-164.16505432128906,-9.025238037109375,-8.51458740234375,0.0001203341577627029,0.00020052183741833975,0.9226848483085632,0.9256824254989624,0.9429035186767578,-0.02021867036819458,-0.01722109317779541,9,3,9,3,1.980235e-05,3.1797665e-10,0.000103305494,0.0013820381,0.00015485277,0.00021022007,6.3402643e-07,6.664603e-08,0.16797803,0.8301511,1.0635072e-06,1.4940429e-11,2.908991e-06,3.9838e-05,1.5322052e-05,7.807771e-06,1.4311804e-08,3.0190546e-09,0.0004915029,0.99944156
28,0.7197934985160828,0.010264689102768898,0.004966475069522858,0.00529821403324604,0.017069421708583832,0.02043892629444599,-0.0033695045858621597,-91.24705505371094,-128.25357055664062,-126.80164337158203,35.554588317871094,-1.4519271850585938,2761604697633166.5,0.23411866306167983,0.98460453748703,0.9704084992408752,0.968341052532196,0.016263484954833984,0.0020674467086791992,9,9,9,9,1.7559292e-09,9.535758e-10,1.3632072e-08,0.000114855546,2.3086045e-06,0.0010546676,2.6235214e-10,1.7648327e-10,7.54985e-05,0.9987526,1.1113702e-09,5.7977706e-10,8.727244e-09,6.381044e-05,1.6697248e-06,0.00043294707,1.3960826e-10,1.0907141e-10,4.3080887e-05,0.9994584
29,3.0928704738616943,0.11017607897520065,0.0048636943101882935,0.10531238466501236,0.00914771854877472,0.006607809104025364,0.0025399094447493553,-99.4271240234375,-112.9804916381836,-114.531494140625,15.1043701171875,1.5510025024414062,3628645.9393439847,4.716195811282776,0.9816374182701111,0.9770505428314209,0.9758761525154114,0.005761265754699707,0.0011743903160095215,1,1,1,1,1.2633903e-09,0.9793673,3.1085736e-05,0.017200409,5.1677675e-09,3.510734e-05,2.4941512e-08,0.003362803,2.871085e-06,2.993223e-07,1.5918651e-10,0.9994747,2.6859002e-06,0.0003412895,6.029068e-10,3.0851847e-06,3.8221053e-09,0.00017792278,2.44755e-07,2.679716e-08
30,1.6576311588287354,0.024624738842248917,0.005529233254492283,0.01909550651907921,1.9668434858322144,1.9470572471618652,0.01978623867034912,-80.08914947509766,-64.6714859008789,-67.48060607910156,-12.608543395996094,2.8091201782226562,3.3433294840303264e-06,16.595310877888508,0.9879580736160278,0.9905288815498352,0.9910804629325867,-0.003122389316558838,-0.0005515813827514648,3,7,3,7,1.7593713e-07,0.00032515381,0.0008602402,0.9969221,5.492934e-07,0.00016813926,1.1676297e-07,0.0016137774,4.4362714e-06,0.000105327585,4.4529983e-08,6.314954e-05,0.00016310037,0.9994374,1.0469304e-07,5.0323826e-05,3.1008593e-08,0.00025598577,1.2861735e-06,2.8485183e-05
31,5.3636674880981445,0.6794247627258301,0.0048790592700243,0.6745457053184509,0.7179843187332153,0.3483563959598541,0.3696279227733612,-83.87969970703125,-107.0089111328125,-105.28683471679688,21.407135009765625,-1.722076416015625,1981529800.3411472,0.17869471784923033,0.9868391156196594,0.9797655940055847,0.9790610671043396,0.007778048515319824,0.0007045269012451172,1,1,1,1,7.4072473e-09,0.761247,7.7903806e-08,0.05567721,1.4483564e-07,0.18306589,7.703241e-06,1.6404205e-07,9.461283e-07,9.500316e-07,2.1290236e-10,0.9994698,2.6486084e-09,0.00019400853,4.2932817e-09,0.0003359811,1.6407658e-07,6.244853e-09,1.4642951e-08,1.6368329e-08
32,4.673945903778076,0.3848452568054199,0.005145646631717682,0.37969961762428284,0.18258696794509888,1.2551767826080322,-1.0725898742675781,-112.87735748291016,-117.84114074707031,-106.87015533447266,-6.0072021484375,-10.970985412597656,0.0024609639690967647,1.7193392368146437e-05,0.9756952524185181,0.9765264391899109,0.9800031185150146,-0.004307866096496582,-0.0034766793251037598,2,8,2,3,4.178011e-05,0.034099363,0.90490746,5.05096e-05,0.0001412438,1.2958472e-07,8.227693e-07,0.05933634,2.1790513e-05,0.0014004991,1.1733856e-06,0.00020707962,0.999456,1.6640822e-06,4.944832e-06,2.1099307e-09,3.294047e-08,0.00029847407,9.624101e-07,2.9749206e-05
33,2.4761579036712646,0.06555592268705368,0.0046207658015191555,0.06093515828251839,0.6189396381378174,0.6456111669540405,-0.026671528816223145,-134.8217010498047,-132.1548309326172,-135.24293518066406,0.421234130859375,3.088104248046875,1.5238410148519774,21.93545435376408,0.9653959274291992,0.9675019979476929,0.964236855506897,0.001159071922302246,0.0032651424407958984,1,1,1,1,1.186823e-11,0.98834586,0.011162536,9.528675e-06,3.7139527e-09,1.6857776e-10,9.525329e-10,0.0004820383,2.2167056e-08,4.458303e-11,2.4211759e-12,0.9994863,0.00044031555,1.3808387e-06,5.4396254e-10,4.018101e-11,2.0476637e-10,7.1876755e-05,3.3612892e-09,8.193295e-12
34,0.11884208023548126,0.005835422780364752,0.005230375565588474,0.0006050472147762775,0.3374783992767334,0.33640411496162415,0.001074284315109253,-136.2671356201172,-137.0019989013672,-133.76353454589844,-2.50360107421875,-3.23846435546875,0.08178993604159489,0.03922408312219466,0.9642987251281738,0.9637117981910706,0.9624911546707153,0.001807570457458496,0.0012206435203552246,9,5,9,5,0.00036446346,4.7615155e-11,9.122176e-06,2.8726944e-07,1.4190928e-05,0.00023111748,9.918218e-06,7.897789e-09,1.816249e-07,0.99937075,0.0003191298,4.3491034e-11,8.389663e-06,2.6456598e-07,1.3339675e-05,0.00020590956,8.87083e-06,7.289277e-09,1.6677885e-07,0.99944395
35,0.39134329557418823,0.007424109149724245,0.005027881823480129,0.002396227326244116,0.5031026601791382,0.47587937116622925,0.027223289012908936,-87.41222381591797,-96.75688171386719,-97.33470153808594,9.922477722167969,0.57781982421875,20383.432594716513,1.782148794604905,0.9854733347892761,0.98310387134552,0.982532262802124,0.0029410719871520996,0.0005716085433959961,9,7,9,7,2.0478588e-07,6.6042865e-09,2.5983809e-08,0.0006784996,6.3999073e-06,4.966126e-05,4.2143073e-12,0.00011579814,1.0006829e-07,0.9991492,1.6229296e-07,5.0286637e-09,1.930053e-08,0.0004198496,5.444357e-06,3.6648777e-05,3.1639387e-12,8.2329854e-05,7.554165e-08,0.9994554
36,5.650132179260254,0.6746268272399902,0.004872830584645271,0.6697539687156677,0.07052095234394073,0.25276678800582886,-0.18224583566188812,-79.77417755126953,-123.55928802490234,-136.36817932128906,56.59400177001953,12.808891296386719,3.7884597503303666e+24,365452.3924182822,0.9880883097648621,0.9719271659851074,0.9637709259986877,0.024317383766174316,0.008156239986419678,7,9,7,9,9.093172e-05,0.00048771864,0.38371468,0.0002139819,3.3598855e-07,7.2259564e-07,3.13362e-08,0.6152778,1.676394e-05,0.00019700307,2.9392488e-06,2.3651643e-05,0.00050466723,8.843125e-06,1.2237898e-08,4.4901014e-08,5.6906274e-10,0.99945146,4.2750912e-07,7.979077e-06
37,5.8896484375,0.6638467907905579,0.005652144551277161,0.6581946611404419,0.10999296605587006,0.016597013920545578,0.09339594841003418,-88.19281768798828,-107.3638687133789,-113.56890106201172,25.376083374023438,6.2050323486328125,104880073166.57701,495.2349758554633,0.9847471714019775,0.9794301986694336,0.9762586355209351,0.00848853588104248,0.003171563148498535,5,5,5,5,0.00017825933,0.00043731614,8.153503e-07,3.7561932e-07,1.8886562e-06,0.75400037,0.029093293,1.0241673e-07,0.21417034,0.0021172646,2.3499972e-06,6.089897e-06,4.3346593e-09,9.031517e-09,2.2225807e-08,0.999393,0.00020739107,1.9156323e-09,0.00035790796,3.3168428e-05
38,4.010342597961426,0.2532612383365631,0.004818611778318882,0.2484426200389862,0.5112994909286499,0.28263288736343384,0.22866660356521606,-110.07396697998047,-122.49249267578125,-121.9571533203125,11.883186340332031,-0.53533935546875,144811.23422224837,0.5854705737879525,0.9792505502700806,0.9710516929626465,0.9718276262283325,0.007422924041748047,-0.0007759332656860352,9,9,9,9,3.2690647e-07,5.708928e-11,3.955923e-07,5.1599955e-06,0.00028618216,1.6472139e-06,7.221598e-10,1.0370377e-06,0.0688073,0.93089795,3.052018e-08,4.579332e-12,2.1162737e-08,3.87664e-07,3.52094e-05,1.2141346e-07,3.302236e-11,8.330765e-08,0.0005146945,0.99944943
39,0.9187269806861877,0.01243909727782011,0.004748036153614521,0.007691061124205589,0.0005400797817856073,0.000428985949838534,0.00011109383194707334,-125.61499786376953,-147.74752807617188,-148.2848358154297,22.669837951660156,0.5373077392578125,7004635293.642362,1.7113931377378682,0.9698253273963928,0.9556941986083984,0.9531955718994141,0.01662975549697876,0.002498626708984375,5,5,5,5,5.743464e-09,1.5036548e-12,1.202515e-11,8.643861e-09,3.2862002e-09,0.998345,3.943151e-05,2.352676e-12,0.0016155938,8.353026e-09,3.1555358e-09,8.337611e-13,5.4957232e-12,4.8381485e-09,1.7368651e-09,0.99945325,2.2541837e-05,1.2743053e-12,0.00052425143,4.6411555e-09
40,5.952144622802734,0.6942564845085144,0.004651606548577547,0.6896048784255981,0.06730668991804123,0.24367323517799377,-0.17636653780937195,-104.83491516113281,-190.32748413085938,-191.61611938476562,86.78120422363281,1.28863525390625,4.882003958729256e+37,3.6278321060433467,0.9799593687057495,0.8912935256958008,0.8995063304901123,0.08045303821563721,-0.008212804794311523,9,5,9,5,1.407086e-06,4.3733944e-12,2.6451233e-10,0.00015688066,1.05538476e-07,0.48694095,9.245771e-12,8.2185146e-08,8.77701e-08,0.51290053,8.414211e-08,2.0050475e-13,2.2998532e-11,5.730584e-06,1.772192e-08,0.00053627836,1.3996339e-13,4.6218926e-09,3.687228e-09,0.9994579
41,3.048093318939209,0.10122908651828766,0.004806568380445242,0.09642251580953598,0.6602016091346741,0.6582450866699219,0.0019565224647521973,-174.72120666503906,-180.00442504882812,-190.5714569091797,15.850250244140625,10.567031860351562,7650260.397716713,38833.24001817957,0.9298611879348755,0.9130979180335999,0.8895379304885864,0.04032325744628906,0.023559987545013428,6,0,6,6,0.020646438,2.8003974e-08,6.934756e-11,2.464233e-13,5.644201e-05,5.6635286e-06,0.97929126,2.4603751e-11,1.4408855e-07,2.1597033e-08,0.00054841104,5.45944e-09,1.3339857e-11,4.3911418e-14,9.485014e-06,1.42944e-06,0.9994406,3.246981e-12,2.917139e-08,2.4909754e-09
42,5.406558990478516,0.5218756198883057,0.0055281855165958405,0.5163474082946777,0.9937504529953003,0.7410683035850525,0.2526821494102478,-120.61567687988281,-122.10221862792969,-117.89503479003906,-2.72064208984375,-4.207183837890625,0.06583247049212136,0.014888237044924342,0.9730631113052368,0.9723339676856995,0.9746841192245483,-0.0016210079193115234,-0.002350151538848877,8,5,8,2,3.724425e-09,4.4834945e-08,0.0089721475,3.1619218e-09,5.4085593e-08,0.18006766,9.221031e-05,1.0054271e-06,0.81086683,1.975766e-08,1.1540961e-10,1.1787733e-09,0.00017254647,9.003826e-11,1.6786628e-09,0.0004388193,2.0260989e-06,2.8852694e-08,0.99938655,6.262734e-10
43,0.023568321019411087,0.0012252103770151734,0.0012096782447770238,1.5532132238149643e-05,1.173803448677063,1.1750153303146362,-0.0012118816375732422,-100.15465545654297,-162.74026489257812,-165.03848266601562,64.88382720947266,2.2982177734375,1.5089961156181805e+28,9.956422033153233,0.9821997880935669,0.9346529245376587,0.9430270791053772,0.0391727089881897,-0.008374154567718506,9,7,9,7,0.000117772775,1.3284924e-13,8.523384e-07,7.915169e-10,1.7822939e-06,3.8928535e-10,1.0744122e-10,2.2581446e-07,6.8708297e-09,0.99987936,0.000116083495,1.315233e-13,8.4737644e-07,7.872663e-10,1.7686174e-06,3.8609452e-10,1.06235055e-10,2.2407164e-07,6.8168133e-09,0.999881
44,2.28041410446167,0.04368021339178085,0.005407567601650953,0.03827264532446861,0.25116920471191406,0.25804004073143005,-0.006870836019515991,-113.52872467041016,-94.01185607910156,-88.49358367919922,-25.035140991210938,-5.518272399902344,1.3408383219227826e-11,0.0040127744267614346,0.9754247665405273,0.9841246008872986,0.9866610169410706,-0.011236250400543213,-0.0025364160537719727,9,5,9,5,0.0025751784,6.561408e-07,4.9151326e-06,2.429097e-05,6.459629e-05,4.0642764e-05,2.9513203e-08,0.0035002392,9.565549e-05,0.99369365,0.0002463772,1.00359756e-07,7.833477e-07,4.6663304e-06,1.6979286e-05,7.856569e-06,4.4550066e-09,0.00027492782,1.7207914e-05,0.9994311
45,4.271193027496338,0.2804334759712219,0.005290504079312086,0.27514296770095825,0.7846909761428833,0.9339271187782288,-0.14923614263534546,-76.04818725585938,-90.762939453125,-88.9688491821289,12.920661926269531,-1.7940902709960938,408669.4535618891,0.16627865207353856,0.9892975091934204,0.9848050475120544,0.9853543043136597,0.003943204879760742,-0.0005492568016052246,9,7,9,7,6.295385e-07,0.00029598782,0.00032307403,1.22751e-06,0.004216075,1.1294251e-05,3.4117242e-08,0.06728864,0.000115442985,0.92774767,5.0094496e-08,1.0635745e-05,1.0408469e-05,7.734953e-08,0.00016130264,8.0192785e-07,1.8323401e-09,0.0003782747,6.5838617e-06,0.9994318
46,6.05029821395874,0.7689090371131897,0.005391751416027546,0.7635172605514526,1.053844928741455,0.5483222007751465,0.5055227279663086,-93.56706237792969,-96.37422943115234,-106.51763916015625,12.950576782226562,10.143409729003906,421079.4373790927,25423.004421435093,0.9837019443511963,0.9832565188407898,0.9802989363670349,0.003403007984161377,0.002957582473754883,5,3,5,3,8.7808594e-08,3.7198927e-07,6.2567345e-08,0.04436593,2.2668326e-06,0.6701059,4.1943608e-08,1.1422132e-07,0.0006354068,0.2848898,1.5695265e-09,7.613632e-09,4.643805e-10,0.00020753159,2.1067992e-08,0.9994123,2.667742e-09,1.5166741e-09,1.1090758e-05,0.00036904198
47,6.190832138061523,0.7134159207344055,0.005054338835179806,0.7083615660667419,1.029074788093567,0.8299268484115601,0.19914793968200684,-103.35360717773438,-127.50381469726562,-132.87673950195312,29.52313232421875,5.3729248046875,6633358309391.856,215.49221954392377,0.9803352355957031,0.9704204201698303,0.9646239280700684,0.015711307525634766,0.005796492099761963,5,6,5,6,1.2036586e-08,5.6499627e-09,0.0013033564,4.3594126e-05,1.7399923e-08,0.51304954,0.0016673451,8.200657e-07,0.4839353,1.3197785e-08,3.3372297e-10,1.5988705e-10,9.874638e-06,1.4444427e-06,3.824898e-10,0.9994311,5.288132e-05,2.1282084e-08,0.0005046599,4.104894e-10
48,3.3576788902282715,0.12694096565246582,0.004980756901204586,0.12196020781993866,0.198327898979187,0.35587742924690247,-0.15754953026771545,-116.88172912597656,-127.32228088378906,-129.78875732421875,12.907028198242188,2.4664764404296875,403135.5747967961,11.780863060404059,0.9751103520393372,0.9686421751976013,0.9671439528465271,0.007966399192810059,0.0014982223510742188,1,3,1,3,4.6148658e-12,0.9754681,2.3374176e-05,0.004416067,4.0764014e-10,4.1940453e-08,6.3319064e-12,0.020091927,4.9584545e-09,5.775875e-07,5.396636e-13,0.9994536,1.7862081e-06,0.00014609503,3.553774e-11,3.8422128e-09,1.0374389e-12,0.00039855635,4.1271805e-10,4.8635595e-08
49,4.64861536026001,0.38445037603378296,0.005127390380948782,0.37932297587394714,0.42591938376426697,0.6277127265930176,-0.2017933428287506,-123.06773376464844,-142.6175994873047,-145.4488525390625,22.381118774414062,2.8312530517578125,5248030888.905033,16.96670767293447,0.970615804195404,0.9589077234268188,0.9559890627861023,0.014626741409301758,0.0029186606407165527,7,3,7,3,0.0811261,9.538778e-07,5.8236412e-05,0.018196711,6.4797e-09,0.00040475526,6.384003e-12,0.89897597,1.2225312e-06,0.0012360831,0.00029859788,4.584724e-08,2.2905624e-06,0.00020953757,3.0925112e-10,8.0583295e-06,8.217178e-14,0.9994568,2.9974192e-08,2.4524177e-05
